id_noticia,fuente,url,categoria_busqueda
N001,BioBioChile,https://www.biobiochile.cl/noticias/nacional/region-metropolitana/2026/09/01/investigan-asesinato-en-san-ramon-hombre-muere-tras-ataque-a-tiros-en-poblacion-la-bandera.shtml,homicidio
N002,Cooperativa,https://www.cooperativa.cl/noticias/pais/policial/drogas/pdi-desbarato-red-de-narcotrafico-en-los-rios-12-detenidos-y-150-kilos/2026-08-21/123148.html,trafico_drogas
N003,LaTercera,https://www.latercera.com/nacional/noticia/pdi-detuvo-a-dos-colombianos-por-el-crimen-el-presunto-ajuste-de-cuentas-narco-detras-de-horroroso-homicidio-en-curacavi/,homicidio
N004,Cooperativa,https://www.cooperativa.cl/noticias/pais/policial/drogas/cayo-narcobanda-en-maipu-y-recoleta-ocultaban-la-mercancia-en-la-rueda/2026-08-30/133248.html,trafico_drogas
N005,BioBioChile,https://www.biobiochile.cl/noticias/nacional/region-de-los-rios/2026/09/21/hombre-es-asesinado-con-arma-blanca-en-pleno-centro-de-los-lagos-pdi-investiga-homicidio.shtml,homicidio
N006,BioBioChile,https://www.biobiochile.cl/noticias/nacional/region-metropolitana/2026/09/22/pasajero-de-taxi-baleado-desde-otro-vehiculo-en-pudahuel-y-llevado-a-renca-ecoh-por-homicidio-en-rm.shtml,homicidio
N007,BioBioChile,https://www.biobiochile.cl/noticias/nacional/region-de-la-araucania/2026/09/22/deceso-de-adulta-mayor-hallada-muerta-en-su-casa-en-pitrufquen-es-indagado-como-un-robo-con-homicidio.shtml,homicidio
N008,BioBioChile,https://www.biobiochile.cl/noticias/nacional/chile/2026/09/21/36-personas-murieron-durante-fiestas-patrias-16-victimas-de-homicidio-y-20-en-siniestros-viales.shtml,homicidio
N009,BioBioChile,https://www.biobiochile.cl/noticias/nacional/region-metropolitana/2026/09/18/asesinato-a-golpes-en-via-publica-de-la-granja-es-el-tercer-homicidio-de-las-ultimas-horas-en-la-rm.shtml,homicidio
N010,BioBioChile,https://www.biobiochile.cl/noticias/nacional/region-de-nuble/2026/09/02/nuble-registra-4-homicidios-mas-que-en-2025-pese-a-que-seremi-de-seguridad-asegura-que-van-a-la-baja.shtml,homicidio
N011,BioBioChile,https://www.biobiochile.cl/noticias/nacional/region-de-nuble/2026/09/01/investigan-asesinato-de-hombre-en-san-carlos-fue-baleado-por-dos-sujetos-y-todo-quedo-grabado.shtml,homicidio
N012,Cooperativa,https://www.cooperativa.cl/noticias/pais/policial/drogas/os-7-incauto-mas-de-1-200-kilos-de-marihuana-boliviana-destinada-a/2026-09-17/102452.html,trafico_drogas
N013,Cooperativa,https://www.cooperativa.cl/noticias/pais/region-de-antofagasta/carabineros-de-el-loa-incauto-mas-de-1-400-kilos-de-marihuana-durante/2026-09-21/192425.html,trafico_drogas
N014,Cooperativa,https://www.cooperativa.cl/noticias/pais/policial/drogas/san-joaquin-detuvieron-a-sujeto-con-17-kilos-de-cocaina-ocultos-en-auto/2026-09-17/074745.html,trafico_drogas
N015,LaTercera,https://www.latercera.com/nacional/noticia/hallan-cuerpo-de-hombre-de-nacionalidad-haitiana-con-multiples-punaladas-en-las-inmediaciones-de-feria-libre-de-curico/,homicidio
N016,LaTercera,https://www.latercera.com/nacional/noticia/joven-de-24-anos-muere-apunalado-tras-rina-en-ramada-de-san-clemente-detienen-a-presunto-autor/,homicidio
N017,LaTercera,https://www.latercera.com/nacional/noticia/fiscalia-ecoh-investiga-homicidio-de-adolescente-de-16-anos-y-ataque-a-su-hermano-en-la-pintana/,homicidio
N018,LaTercera,https://www.latercera.com/nacional/noticia/aduana-de-iquique-incauta-mas-de-36-kilos-de-diversas-drogas-durante-fiestas-patrias/,trafico_drogas
N019,LaTercera,https://www.latercera.com/nacional/noticia/carabineros-incauta-mas-de-una-tonelada-de-droga-destinada-a-la-venta-durante-fiestas-patrias-avaluo-supera-los-11-mil-millones/,trafico_drogas
N020,LaTercera,https://www.latercera.com/nacional/noticia/allanamientos-permiten-incautar-droga-y-armas-de-fuego-en-la-pintana-hay-nueve-detenidos/,trafico_drogas
N021,BioBioChile,https://www.biobiochile.cl/noticias/internacional/mediooriente/2026/09/25/iran-acusa-al-gobierno-de-colombia-de-narcoterrorismo-tras-ruptura-de-relaciones-diplomaticas.shtml,trafico_drogas
N022,BioBioChile,https://www.biobiochile.cl/noticias/nacional/region-de-nuble/2026/09/24/ni-el-romero-ni-la-ruda-enganaron-a-holly-can-detecta-35-millones-en-marihuana-en-bus-en-nuble.shtml,trafico_drogas
N023,BioBioChile,https://www.biobiochile.cl/noticias/nacional/region-metropolitana/2026/09/23/desbaratan-clan-familiar-narco-liderado-desde-carcel-indagan-delfines-en-sus-413-kilos-de-cocaina.shtml,trafico_drogas
N024,BioBioChile,https://www.biobiochile.cl/noticias/nacional/region-metropolitana/2026/09/28/detienen-a-delincuente-que-durante-asalto-en-las-condes-amenazo-con-un-destornillador-a-nino-de-2-anos.shtml,robo
N025,BioBioChile,https://www.biobiochile.cl/noticias/nacional/region-de-coquimbo/2026/09/21/masivo-robo-de-celulares-en-la-pampilla-seis-peruanos-detenidos-y-mas-de-80-equipos-recuperados.shtml,robo
N026,LaTercera,https://www.latercera.com/nacional/noticia/detienen-a-dos-imputados-por-robos-bajo-modalidad-amarrados-en-sectores-rurales-de-santiago/,robo
N027,LaTercera,https://www.latercera.com/videos/noticia/delincuente-intenta-robar-auto-entrando-por-el-techo-y-queda-atrapado-de-cabeza-en-antofagasta/,robo
N028,Cooperativa,https://www.cooperativa.cl/noticias/pais/region-de-antofagasta/pdi-extraian-agua-potable-ilegalmente-y-la-vendian-en-campamentos-de/2026-09-28/105631.html,robo
N029,Cooperativa,https://www.cooperativa.cl/noticias/pais/policial/robos/millonario-robo-y-destrozos-afectaron-a-parroquia-de-cerro-castillo-en/2026-09-27/175622.html,robo
N030,Cooperativa,https://www.cooperativa.cl/noticias/pais/region-de-antofagasta/camaras-municipales-permitieron-detencion-de-sujeto-que-asalto-a-un/2026-05-18/202520.html,robo
